{
    "rmse": 0.7053377262619674,
    "mae": 0.5627495621264575,
    "r2": 0.23484144827845232
}